Post Type,Text,Likes,Shares,Comments,Time of Day,Timestamp
static image,Static image post about function-based leadingedge pricing structure.,547,246,227,Night,2024-06-28 14:04:33
reel,Reel post about user-friendly actuating utilization.,502,65,146,Night,2024-03-25 18:47:48
carousel,Carousel post about cross-group needs-based open system.,881,397,74,Night,2024-05-23 14:16:09
static image,Static image post about pre-emptive national structure.,838,62,128,Night,2024-10-12 21:01:56
static image,Static image post about synergistic foreground pricing structure.,453,151,164,Afternoon,2024-09-19 21:34:01
reel,Reel post about streamlined optimal hub.,774,273,168,Afternoon,2024-02-10 10:31:51
carousel,Carousel post about persistent hybrid software.,701,212,261,Night,2024-08-08 07:20:48
carousel,Carousel post about polarized optimal contingency.,823,31,26,Afternoon,2024-01-30 14:26:53
carousel,Carousel post about focused intermediate functionalities.,432,117,293,Night,2024-08-08 23:43:56
reel,Reel post about automated disintermediate forecast.,128,100,293,Morning,2024-03-12 09:29:44
reel,Reel post about progressive 3rdgeneration instruction set.,978,370,84,Evening,2024-06-05 14:55:31
carousel,Carousel post about configurable interactive service-desk.,234,437,219,Evening,2024-12-17 08:02:17
reel,Reel post about de-engineered directional interface.,89,149,190,Morning,2024-05-05 05:46:05
static image,Static image post about adaptive non-volatile toolset.,225,299,52,Afternoon,2024-11-12 14:20:30
reel,Reel post about function-based incremental array.,457,431,242,Evening,2024-06-11 01:55:03
carousel,Carousel post about ergonomic hybrid matrices.,585,293,30,Night,2024-07-06 11:09:56
reel,Reel post about synchronized zero tolerance success.,670,498,270,Night,2024-01-16 02:26:17
static image,Static image post about profound explicit open system.,92,448,220,Morning,2024-01-18 18:31:40
carousel,Carousel post about quality-focused optimizing encryption.,137,273,111,Afternoon,2024-06-19 15:53:33
carousel,Carousel post about cloned mission-critical focus group.,718,254,92,Afternoon,2024-04-15 05:49:25
reel,Reel post about persevering static open system.,30,169,136,Afternoon,2024-01-18 05:56:39
carousel,Carousel post about team-oriented contextually-based algorithm.,254,369,14,Night,2024-06-27 17:16:55
carousel,Carousel post about organic secondary standardization.,716,454,181,Afternoon,2024-09-26 10:16:38
static image,Static image post about networked fault-tolerant graphical user interface.,238,124,53,Afternoon,2024-07-02 14:10:02
static image,Static image post about phased dynamic hardware.,354,147,15,Afternoon,2024-07-25 10:57:01
static image,Static image post about open-source bifurcated focus group.,818,481,41,Morning,2024-07-23 18:34:37
static image,Static image post about reverse-engineered methodical protocol.,248,158,286,Morning,2024-09-01 05:49:11
reel,Reel post about reduced fresh-thinking process improvement.,360,422,47,Night,2024-02-11 16:08:10
static image,Static image post about self-enabling multi-tasking middleware.,144,306,124,Morning,2024-10-16 06:50:24
static image,Static image post about visionary mission-critical matrices.,794,204,238,Evening,2024-01-18 18:30:50
reel,Reel post about user-centric homogeneous superstructure.,764,493,152,Night,2024-02-23 19:17:29
static image,Static image post about virtual executive infrastructure.,713,215,21,Afternoon,2024-05-10 10:33:10
carousel,Carousel post about business-focused 24hour strategy.,189,471,225,Night,2024-06-05 17:52:54
carousel,Carousel post about persevering systematic knowledgebase.,552,321,68,Morning,2024-11-22 16:56:57
reel,Reel post about cross-group secondary forecast.,33,387,76,Evening,2024-01-15 21:11:59
reel,Reel post about integrated impactful installation.,514,82,14,Afternoon,2024-07-06 09:51:37
static image,Static image post about grass-roots executive access.,609,244,225,Morning,2024-03-19 02:45:59
static image,Static image post about proactive full-range open system.,316,353,123,Evening,2024-01-10 18:54:52
reel,Reel post about enhanced well-modulated pricing structure.,215,321,106,Afternoon,2024-03-21 11:14:10
reel,Reel post about advanced dynamic data-warehouse.,452,381,172,Night,2024-11-25 03:59:44
carousel,Carousel post about reactive zero administration software.,499,246,95,Evening,2024-05-26 20:11:41
carousel,Carousel post about business-focused uniform functionalities.,369,8,257,Morning,2024-11-12 19:14:03
reel,Reel post about focused contextually-based framework.,994,94,28,Evening,2024-12-29 01:25:44
static image,Static image post about horizontal content-based structure.,572,270,262,Evening,2024-01-12 00:11:50
static image,Static image post about multi-tiered next generation moratorium.,72,277,265,Morning,2024-01-15 12:16:54
carousel,Carousel post about polarized secondary hub.,827,139,108,Afternoon,2024-09-20 23:27:05
reel,Reel post about self-enabling content-based solution.,825,451,292,Afternoon,2024-02-27 19:30:30
static image,Static image post about distributed systemic orchestration.,185,454,72,Night,2024-11-23 22:54:20
reel,Reel post about progressive fresh-thinking policy.,831,461,119,Night,2024-05-10 00:49:45
reel,Reel post about front-line logistical knowledgebase.,299,86,184,Morning,2024-11-05 09:33:22
static image,Static image post about managed 6thgeneration conglomeration.,45,192,155,Morning,2024-12-02 18:40:10
static image,Static image post about re-engineered intermediate concept.,838,398,164,Afternoon,2024-07-06 14:47:15
carousel,Carousel post about proactive radical internet solution.,577,190,81,Night,2025-01-02 14:38:38
carousel,Carousel post about extended static frame.,570,407,182,Night,2024-08-16 10:49:11
carousel,Carousel post about fully-configurable secondary software.,191,169,17,Morning,2024-07-14 10:09:50
static image,Static image post about team-oriented 3rdgeneration knowledgebase.,185,228,10,Night,2024-09-19 18:07:30
reel,Reel post about managed static encoding.,866,56,75,Afternoon,2024-02-03 11:41:05
reel,Reel post about versatile actuating focus group.,97,53,146,Afternoon,2024-01-19 02:14:53
reel,Reel post about business-focused non-volatile analyzer.,517,201,32,Evening,2024-07-25 10:42:26
carousel,Carousel post about programmable analyzing complexity.,601,299,170,Morning,2024-01-31 12:50:39
static image,Static image post about object-based homogeneous challenge.,145,457,83,Evening,2024-01-29 16:17:17
static image,Static image post about streamlined stable standardization.,368,16,286,Evening,2024-02-02 08:22:12
static image,Static image post about polarized 6thgeneration definition.,875,498,238,Night,2024-04-29 01:27:21
reel,Reel post about object-based disintermediate system engine.,396,371,220,Night,2024-09-16 23:12:22
reel,Reel post about fully-configurable executive support.,579,24,85,Afternoon,2024-11-27 00:36:23
carousel,Carousel post about reduced full-range model.,984,257,81,Afternoon,2024-11-15 22:38:03
carousel,Carousel post about digitized well-modulated strategy.,594,26,260,Morning,2024-10-14 20:07:37
carousel,Carousel post about monitored optimizing functionalities.,546,105,3,Afternoon,2024-08-16 16:33:52
reel,Reel post about integrated modular support.,623,161,125,Morning,2024-12-02 23:49:57
reel,Reel post about reverse-engineered user-facing ability.,552,478,61,Night,2024-11-22 05:12:37
reel,Reel post about reverse-engineered full-range support.,349,370,125,Afternoon,2024-12-08 03:44:03
static image,Static image post about switchable client-server data-warehouse.,918,267,197,Morning,2024-09-30 11:58:53
reel,Reel post about enterprise-wide bifurcated capability.,526,109,184,Evening,2025-01-04 11:43:22
static image,Static image post about decentralized bandwidth-monitored protocol.,517,455,138,Afternoon,2024-07-15 16:24:46
carousel,Carousel post about multi-lateral tangible emulation.,829,234,143,Evening,2024-11-22 15:22:14
static image,Static image post about upgradable hybrid capacity.,344,27,190,Afternoon,2024-07-29 05:36:02
reel,Reel post about expanded attitude-oriented policy.,977,109,213,Night,2024-09-24 23:23:25
carousel,Carousel post about assimilated human-resource contingency.,426,468,266,Morning,2024-02-29 02:02:58
carousel,Carousel post about robust maximized ability.,664,454,59,Afternoon,2024-08-06 02:20:19
static image,Static image post about re-contextualized demand-driven secured line.,131,276,139,Afternoon,2024-04-29 20:19:27
static image,Static image post about customer-focused neutral approach.,460,64,261,Afternoon,2024-01-08 22:57:23
static image,Static image post about vision-oriented scalable benchmark.,770,67,183,Afternoon,2024-07-17 19:56:52
reel,Reel post about universal mission-critical algorithm.,38,12,244,Night,2024-02-01 13:34:31
carousel,Carousel post about team-oriented fault-tolerant circuit.,571,202,161,Night,2024-03-07 04:26:10
static image,Static image post about open-architected systemic service-desk.,603,481,286,Evening,2024-03-05 05:23:15
carousel,Carousel post about managed maximized instruction set.,429,314,53,Afternoon,2024-11-11 15:42:40
static image,Static image post about sharable uniform open architecture.,89,381,110,Morning,2024-12-28 00:35:43
reel,Reel post about phased non-volatile conglomeration.,474,484,52,Afternoon,2024-04-12 15:46:51
static image,Static image post about focused fresh-thinking concept.,485,411,160,Night,2024-09-17 02:46:06
reel,Reel post about re-contextualized neutral interface.,36,327,45,Evening,2024-03-01 21:23:54
reel,Reel post about mandatory cohesive attitude.,652,64,244,Morning,2024-01-09 14:36:46
reel,Reel post about reverse-engineered impactful methodology.,161,128,176,Evening,2024-01-10 02:56:28
carousel,Carousel post about operative multi-tasking local area network.,981,243,104,Afternoon,2024-04-17 01:17:48
static image,Static image post about cross-group next generation methodology.,286,372,172,Night,2024-07-17 13:22:30
carousel,Carousel post about networked holistic attitude.,148,330,164,Morning,2024-05-12 10:24:31
carousel,Carousel post about advanced 3rdgeneration knowledgebase.,378,454,169,Night,2024-06-14 22:32:29
carousel,Carousel post about universal bandwidth-monitored encryption.,368,482,284,Afternoon,2024-01-08 14:36:35
reel,Reel post about seamless explicit framework.,316,21,190,Night,2024-09-26 10:27:34
reel,Reel post about multi-tiered analyzing emulation.,121,40,300,Night,2024-02-28 11:57:50
static image,Static image post about intuitive homogeneous frame.,318,419,246,Morning,2024-12-07 05:08:49
